CID,fsa,fsa2
491824829,t2z,T2Z
491824833,l5e,L5E
491824844,a0g,A0G
491824847,h9w,H9W
491824858,m8w,M8W
491824869,t3g,T3G
491824885,l4n,L4N
491824907,m5v,M5V
491824912,l3p,L3P
491824920,m1g,M1G
491824928,a1a,A1A
491824961,b2h,B2H
491824984,k6v,K6V
491824999,a0j,A0J
491825021,l8k,L8K
491825023,v2w,V2W
491825027,h8p,H8P
491825031,t4r,T4R
491825032,r3c,R3C
491825038,j3y,J3Y
491825044,h4a,H4A
491825049,a8a,A8A
491825066,v0k,V0K
491825073,e1a,E1A
491825080,v9r,V9R
491825081,t8a,T8A
491825098,m2n,M2N
491825162,n0a,N0A
491825200,b1n,B1N
491825205,g9n,G9N
491825251,k1j,K1J
491825301,g9h,G9H
491825322,l1j,L1J
491825355,m3l,M3L
491825357,l5b,L5B
491825404,t6j,T6J
491825410,a0a,A0A
491825424,v3v,V3V
491825431,g9h,G9H
491825474,m9r,M9R
491825494,t4n,T4N
491825509,m2m,M2M
491825520,v3k,V3K
491825572,m6m,M6M
491825619,s4h,S4H
491825640,v7c,V7C
491825852,j9e,J9E
491826257,n6j,N6J
491826299,e1e,E1E
491826414,j8a,J8A
491826542,k9j,K9J
491826639,v0j,V0J
491826790,h1g,H1G
491826963,n8n,N8N
491827011,h4w,H4W
491827046,l6p,L6P
491827047,s6j,S6J
491827083,t6j,T6J
491827100,n1h,N1H
491827131,h2n,H2N
491827148,j6e,J6E
491827197,l5a,L5A
491827219,m9m,M9M
491827230,b3h,B3H
491827327,a0n,A0N
491827348,v1e,V1E
491827357,t9w,T9W
491827414,a2v,A2V
491827586,t2k,T2K
491827631,l3z,L3Z
491827760,m2h,M2H
491827768,m1b,M1B
491827898,k0a,K0A
491827992,l3x,L3X
491828051,v7c,V7C
491828199,p3e,P3E
491828287,m6j,M6J
491828577,l4z,L4Z
491828634,l6l,L6L
491829056,e2j,E2J
491829579,l5l,L5L
491830124,l5r,L5R
491830828,h3j,H3J
491831276,k2j,K2J
491831295,h1y,H1Y
491831573,p0b,P0B
491832658,m1j,M1J
491832684,r5l,R5L
491833531,l6c,L6C
491833767,v3b,V3B
491834337,m3j,M3J
491834842,m4c,M4C
491835948,m1w,M1W
491836747,k1j,K1J
491837905,v9r,V9R
491837909,s0e,S0E
491838388,k0a,K0A
491856332,t3a,T3A
491857875,l7r,L7R
491860661,m4k,M4K
491861356,t3m,T3M
491862306,m5n,M5N
491863904,m6h,M6H
491869732,l7p,L7P
491872153,g8v,G8V
491875657,t6x,T6X
491875672,v8r,V8R
491881426,v8r,V8R
491885222,h2x,H2X
491892137,g7j,G7J
491894504,m5b,M5B
491901750,k1p,K1P
491919193,p3c,P3C
491938308,v6e,V6E
491957854,j1j,J1J
492048071,h4k,H4K
492056006,k2v,K2V
492060304,m6k,M6K
492105114,v3z,V3Z
492132099,c1e,C1E
492151083,r3m,R3M
492152432,r3l,R3L
492152498,r2h,R2H
492152790,r1n,R1N
492154173,r3x,R3X
492167387,r3t,R3T
492189247,l0s,L0S
492212174,r2w,R2W
492214159,r2n,R2N
492219359,,
492222013,r2m,R2M
492224120,r7b,R7B
492248369,r3y,R3Y
492298202,r2w,R2W
492303830,r1a,R1A
492323841,r3m,R3M
492326919,r0l,R0L
492358061,m9c,M9C
492380089,r2k,R2K
492387546,n1h,N1H
492387558,t4t,T4T
492387565,e2j,E2J
492387576,h4c,H4C
492387596,a0b,A0B
492387601,l3r,L3R
492387612,v3y,V3Y
492387613,t6a,T6A
492387617,v5j,V5J
492387651,n5p,N5P
492387658,p7b,P7B
492387684,t4p,T4P
492387687,m5n,M5N
492387689,e1b,E1B
492387692,l7s,L7S
492387726,t6j,T6J
492387729,l4t,L4T
492387752,m2n,M2N
492387755,m1s,M1S
492387766,l2g,L2G
492387768,m5r,M5R
492387770,n0r,N0R
492387772,l5c,L5C
492387774,n5p,N5P
492387783,t2r,T2R
492387785,n5v,N5V
492387791,m1p,M1P
492387802,p6c,P6C
492387814,s7t,S7T
492387815,m1k,M1K
492387867,s4s,S4S
492387877,n6j,N6J
492387888,k0c,K0C
492387890,h2j,H2J
492387898,t2a,T2A
492387908,t3k,T3K
492387917,e1e,E1E
492387930,m1n,M1N
492387936,m2r,M2R
492387945,v9c,V9C
492387946,l9h,L9H
492387950,m4n,M4N
492387962,p6a,P6A
492387965,n0p,N0P
492387969,t8a,T8A
492387978,l5c,L5C
492387998,j9h,J9H
492388002,v8m,V8M
492388009,a1c,A1C
492388010,g5l,G5L
492388012,a0n,A0N
492388022,p4n,P4N
492388024,e2j,E2J
492388028,l1r,L1R
492388070,m1k,M1K
492388077,r2w,R2W
492388078,k1v,K1V
492388084,n2e,N2E
492388103,b4a,B4A
492388122,v8s,V8S
492388124,m2n,M2N
492388128,l6s,L6S
492388130,r2y,R2Y
492388134,t6l,T6L
492388137,k0l,K0L
492388160,v6j,V6J
492388176,l5m,L5M
492388210,t2x,T2X
492388223,m5a,M5A
492388232,l5c,L5C
492388234,l7l,L7L
492388235,a1b,A1B
492388236,s4x,S4X
492388247,m8w,M8W
492388258,h9j,H9J
492388283,m2j,M2J
492388299,v2n,V2N
492388303,t7x,T7X
492388311,v7r,V7R
492388347,n6c,N6C
492388358,n5r,N5R
492388367,b3r,B3R
492388369,h3e,H3E
492388371,v7w,V7W
492388380,k0a,K0A
492388394,s4p,S4P
492388402,v2g,V2G
492388403,v0e,V0E
492388426,n0l,N0L
492388433,b2w,B2W
492388435,v0n,V0N
492388436,l5w,L5W
492388437,l4s,L4S
492388452,b3m,B3M
492388456,t3l,T3L
492388474,s7k,S7K
492388475,j0k,J0K
492388485,v2l,V2L
492388486,v0x,V0X
492388491,l6c,L6C
492388492,v0h,V0H
492388501,n4n,N4N
492388512,v1t,V1T
492388520,v9r,V9R
492388522,g0l,G0L
492388524,v7j,V7J
492388533,t6x,T6X
492388547,v6p,V6P
492388559,r3j,R3J
492388564,k1v,K1V
492388581,v2x,V2X
492388586,l9m,L9M
492388590,v1z,V1Z
492388596,t5t,T5T
492388608,s7k,S7K
492388614,m1g,M1G
492388622,r9a,R9A
492388633,n6b,N6B
492388636,m6j,M6J
492388637,k7k,K7K
492388641,m6p,M6P
492388647,e2h,E2H
492388652,m3j,M3J
492388655,h1e,H1E
492388688,m3a,M3A
492388692,l0r,L0R
492388695,t2y,T2Y
492388696,j6a,J6A
492388703,v2j,V2J
492388704,t8l,T8L
492388710,n6e,N6E
492388718,b1p,B1P
492388722,r2p,R2P
492388727,r3t,R3T
492388743,r3t,R3T
492388745,p3e,P3E
492388752,g9b,G9B
492388758,b2x,B2X
492388765,m5a,M5A
492388766,l4l,L4L
492388799,r2m,R2M
492388814,h4g,H4G
492388817,h1e,H1E
492388825,m9b,M9B
492388830,l4m,L4M
492388831,t1b,T1B
492388844,n5a,N5A
492388846,t5x,T5X
492388857,r4a,R4A
492388874,s7l,S7L
492388879,l1p,L1P
492388881,s6h,S6H
492388885,v9c,V9C
492388887,m2m,M2M
492388897,r2m,R2M
492388900,b3h,B3H
492388930,t6l,T6L
492388946,r3t,R3T
492388973,l6x,L6X
492388982,v0r,V0R
492388992,k2k,K2K
492388994,v2r,V2R
492388996,e1b,E1B
492388999,j4w,J4W
492389019,b3v,B3V
492389029,p6a,P6A
492389032,v2b,V2B
492389050,m4p,M4P
492389057,b3n,B3N
492389065,s0k,S0K
492389066,l2m,L2M
492389069,n1g,N1G
492389074,m6n,M6N
492389099,b3k,B3K
492389120,v5s,V5S
492389127,b2v,B2V
492389134,v5s,V5S
492389137,v9m,V9M
492389138,l6s,L6S
492389151,v0c,V0C
492389176,l2g,L2G
492389224,k1r,K1R
492389253,e3b,E3B
492389297,e3b,E3B
492389303,v3m,V3M
492389324,t3b,T3B
492389337,a1e,A1E
492389355,n2l,N2L
492389356,n2n,N2N
492389359,k6k,K6K
492389370,t6w,T6W
492389372,n3t,N3T
492389378,j7v,J7V
492389392,s7m,S7M
492389399,k0h,K0H
492389403,v3e,V3E
492389419,g0x,G0X
492389432,r2g,R2G
492389437,v9w,V9W
492389442,s0e,S0E
492389451,r1a,R1A
492389456,l4c,L4C
492389465,t6x,T6X
492389471,b0j,B0J
492389476,r2n,R2N
492389500,a1e,A1E
492389503,k9h,K9H
492389511,m8z,M8Z
492389515,l6a,L6A
492389518,b3k,B3K
492389523,m6r,M6R
492389535,e1b,E1B
492389572,m9w,M9W
492389575,l6t,L6T
492389610,m6a,M6A
492389620,k1j,K1J
492389624,n0c,N0C
492389644,v7m,V7M
492389649,v3m,V3M
492389653,k0k,K0K
492389655,b3a,B3A
492389662,t2g,T2G
492389664,v9s,V9S
492389666,m9r,M9R
492389667,l5c,L5C
492389675,m1p,M1P
492389702,l4c,L4C
492389708,v4m,V4M
492389722,t5t,T5T
492389743,m1b,M1B
492389783,k2j,K2J
492389784,v1t,V1T
492389819,m9v,M9V
492389823,l3z,L3Z
492389844,v9v,V9V
492389863,t5g,T5G
492389867,l5a,L5A
492389879,h4m,H4M
492389881,v4m,V4M
492389903,p7k,P7K
492389916,h2a,H2A
492389920,m9b,M9B
492389937,e1b,E1B
492389941,v2n,V2N
492389950,t5z,T5Z
492389960,m4e,M4E
492389970,r2m,R2M
492389987,r3b,R3B
492390022,k7g,K7G
492390041,n0m,N0M
492390056,v5v,V5V
492390070,m2n,M2N
492390076,r0c,R0C
492390096,b2t,B2T
492390098,l4e,L4E
492390101,e4e,E4E
492390102,r2m,R2M
492390116,k1y,K1Y
492390128,v4r,V4R
492390137,k2e,K2E
492390169,j1l,J1L
492390171,m4e,M4E
492390179,r2g,R2G
492390187,l1h,L1H
492390193,v5e,V5E
492390194,v1c,V1C
492390204,v2y,V2Y
492390216,b0j,B0J
492390221,b3a,B3A
492390226,c0b,C0B
492390247,t8n,T8N
492390249,l6l,L6L
492390256,t5t,T5T
492390260,v3e,V3E
492390285,v0r,V0R
492390295,k2b,K2B
492390297,a0a,A0A
492390347,v6z,V6Z
492390351,l4l,L4L
492390354,v2s,V2S
492390414,v3b,V3B
492390417,m5c,M5C
492390455,t8x,T8X
492390461,v3a,V3A
492390483,c0a,C0A
492390485,h4c,H4C
492390488,v8v,V8V
492390489,v7c,V7C
492390507,l5n,L5N
492390529,v1v,V1V
492390535,t3g,T3G
492390537,j4h,J4H
492390564,t3m,T3M
492390580,l9z,L9Z
492390594,l4n,L4N
492390596,l1g,L1G
492390608,m9c,M9C
492390633,n0p,N0P
492390638,l8g,L8G
492390658,v4n,V4N
492390677,k2j,K2J
492390681,n0p,N0P
492390704,h4c,H4C
492390738,l8l,L8L
492390752,p7k,P7K
492390768,t9e,T9E
492390801,k0c,K0C
492390839,v6k,V6K
492390848,h7w,H7W
492390852,k2m,K2M
492390872,n2h,N2H
492390881,m2k,M2K
492390896,k0k,K0K
492390901,g0r,G0R
492390930,b3j,B3J
492390954,e3b,E3B
492390960,v2l,V2L
492390961,b2n,B2N
492390980,m1n,M1N
492391005,h1r,H1R
492391010,v1c,V1C
492391048,t5w,T5W
492391050,k9j,K9J
492391055,k7k,K7K
492391062,l4n,L4N
492391077,s6v,S6V
492391106,l9n,L9N
492391114,e3a,E3A
492391120,n2m,N2M
492391123,v6p,V6P
492391124,t2r,T2R
492391143,s0j,S0J
492391148,l6y,L6Y
492391192,t8n,T8N
492391197,v2e,V2E
492391201,n5z,N5Z
492391210,k2p,K2P
492391239,v3c,V3C
492391246,l5m,L5M
492391261,r2n,R2N
492391273,s0n,S0N
492391304,n7t,N7T
492391321,n7a,N7A
492391327,t4b,T4B
492391339,b0j,B0J
492391344,b2n,B2N
492391400,k9v,K9V
492391406,t3g,T3G
492391410,k9a,K9A
492391460,m1m,M1M
492391481,p1a,P1A
492391489,k6j,K6J
492391497,l8v,L8V
492391504,s7k,S7K
492391531,v1a,V1A
492391535,h2e,H2E
492391540,t1l,T1L
492391555,v2s,V2S
492391558,p7a,P7A
492391567,v1v,V1V
492391586,k6h,K6H
492391628,h4n,H4N
492391648,v5g,V5G
492391673,v5c,V5C
492391697,h3c,H3C
492391704,l9e,L9E
492391719,s4x,S4X
492391764,j0k,J0K
492391785,v3j,V3J
492391791,e4y,E4Y
492391806,m3n,M3N
492391809,l6s,L6S
492391814,l7l,L7L
492391827,l1j,L1J
492391866,v3s,V3S
492391867,m8v,M8V
492391905,m1m,M1M
492391906,t3g,T3G
492391932,n1r,N1R
492391934,j5w,J5W
492391937,k6h,K6H
492391990,l7t,L7T
492392019,m5v,M5V
492392020,t2x,T2X
492392037,k1l,K1L
492392064,l6z,L6Z
492392091,l6v,L6V
492392095,v2w,V2W
492392104,v0x,V0X
492392116,s0a,S0A
492392121,v2e,V2E
492392134,t1l,T1L
492392169,m4y,M4Y
492392171,l8r,L8R
492392199,l0b,L0B
492392204,k1i,K1I
492392223,l8l,L8L
492392242,h4a,H4A
492392258,k7v,K7V
492392276,t2a,T2A
492392277,l6e,L6E
492392280,v8v,V8V
492392285,t8n,T8N
492392323,l6p,L6P
492392337,s4w,S4W
492392340,m1p,M1P
492392344,j4k,J4K
492392365,v2a,V2A
492392377,l4s,L4S
492392402,v5r,V5R
492392454,v2e,V2E
492392512,v2y,V2Y
492392549,l4a,L4A
492392573,m5c,M5C
492392606,l1b,L1B
492392607,v3s,V3S
492392629,v6j,V6J
492392672,n5w,N5W
492392720,m8y,M8Y
492392722,k8v,K8V
492392733,t6e,T6E
492392748,j3v,J3V
492392790,n1t,N1T
492392794,l4a,L4A
492392819,a1e,A1E
492392844,b4v,B4V
492392847,k1c,K1C
492392867,j6e,J6E
492392885,m4e,M4E
492392897,k9j,K9J
492392902,t6r,T6R
492392942,t6c,T6C
492392965,m6l,M6L
492392983,t1c,T1C
492393004,k7a,K7A
492393018,l4m,L4M
492393057,v7m,V7M
492393070,l7s,L7S
492393077,m6s,M6S
492393104,m9a,M9A
492393115,l4g,L4G
492393126,m4k,M4K
492393130,l6h,L6H
492393134,t5r,T5R
492393136,t9v,T9V
492393145,s4t,S4T
492393150,t2e,T2E
492393175,t8a,T8A
492393179,l5m,L5M
492393236,v7n,V7N
492393237,t3k,T3K
492393258,e3b,E3B
492393316,b3m,B3M
492393320,t5p,T5P
492393348,m1l,M1L
492393368,t0c,T0C
492393373,h2g,H2G
492393377,l4n,L4N
492393397,v2r,V2R
492393483,t5l,T5L
492393492,k1t,K1T
492393497,h1g,H1G
492393498,h4b,H4B
492393514,h3l,H3L
492393520,v1r,V1R
492393537,n4n,N4N
492393596,t5z,T5Z
492393616,t2w,T2W
492393635,m1k,M1K
492393639,m5v,M5V
492393650,l6c,L6C
492393671,l6s,L6S
492393722,h3m,H3M
492393767,v7l,V7L
492393781,k7m,K7M
492393783,n2a,N2A
492393784,a0g,A0G
492393802,k2j,K2J
492393822,t6h,T6H
492393833,h2t,H2T
492393846,l6l,L6L
492393868,m6s,M6S
492393872,b0p,B0P
492393921,v6g,V6G
492393923,h4v,H4V
492393936,t0a,T0A
492393971,t4h,T4H
492393976,h9r,H9R
492393989,m3h,M3H
492393999,m4w,M4W
492394037,v7c,V7C
492394067,t4t,T4T
492394128,v5h,V5H
492394131,m5b,M5B
492394174,m4l,M4L
492394176,t5r,T5R
492394186,n2a,N2A
492394192,h1v,H1V
492394216,n3t,N3T
492394238,j4x,J4X
492394255,t3h,T3H
492394290,l5a,L5A
492394313,v3r,V3R
492394315,t3k,T3K
492394328,a1e,A1E
492394331,v6y,V6Y
492394343,m6g,M6G
492394372,k4a,K4A
492394437,r1c,R1C
492394442,h9b,H9B
492394520,t3h,T3H
492394565,v8t,V8T
492394570,t0m,T0M
492394605,e2a,E2A
492394647,j8v,J8V
492394660,m1p,M1P
492394688,v5h,V5H
492394715,v1s,V1S
492394731,a1y,A1Y
492394907,v2r,V2R
492394915,m2r,M2R
492394917,v5k,V5K
492394918,r2n,R2N
492394921,l6p,L6P
492422811,r0k,R0K
492611818,g4r,G4R
492618722,r0a,R0A
492638676,r2j,R2J
492707670,e3b,E3B
492707671,a2h,A2H
492707740,v2b,V2B
492707849,r3b,R3B
492708011,m4w,M4W
492708126,l4h,L4H
492708184,m1s,M1S
492708200,k1v,K1V
492708224,p3c,P3C
492708247,e5t,E5T
492708271,n2m,N2M
492708280,h8p,H8P
492708282,j7z,J7Z
492708286,k0l,K0L
492708365,m1r,M1R
492708390,g5a,G5A
492708447,t6k,T6K
492708549,k0m,K0M
492708560,m1w,M1W
492708670,l4a,L4A
492708701,v1c,V1C
492708769,v3t,V3T
492708803,g0a,G0A
492708806,t5h,T5H
492708843,a1n,A1N
492708946,a1g,A1G
492709000,n9y,N9Y
492709038,l6h,L6H
492709039,l3t,L3T
492709078,l8e,L8E
492709096,n4x,N4X
492709119,m5r,M5R
492709132,t2y,T2Y
492709141,b3p,B3P
492709162,l4p,L4P
492709225,v3b,V3B
492709231,l2m,L2M
492709249,l4c,L4C
492709255,v0r,V0R
492709285,l7m,L7M
492709307,t5k,T5K
492709347,e3z,E3Z
492709354,m4c,M4C
492709362,l6c,L6C
492709363,l8k,L8K
492709426,r2g,R2G
492709427,l9s,L9S
492709428,m6h,M6H
492709448,s6h,S6H
492709547,p7c,P7C
492709556,r2p,R2P
492709561,m1b,M1B
492709618,r2k,R2K
492709662,v4g,V4G
492709670,p7e,P7E
492709675,m5a,M5A
492709693,l5m,L5M
492709713,g9h,G9H
492709760,h8p,H8P
492709791,a1l,A1L
492709798,l5v,L5V
492709827,v7l,V7L
492709829,t5x,T5X
492709832,s0j,S0J
492709833,v5a,V5A
492709838,k1r,K1R
492709881,v6m,V6M
492709886,v2x,V2X
492709925,t8v,T8V
492709967,m1j,M1J
492709976,a1k,A1K
492710026,v9w,V9W
492710032,k9j,K9J
492710057,l0s,L0S
492710093,n3r,N3R
492710116,l3p,L3P
492710130,v3m,V3M
492710141,v3s,V3S
492710142,v8a,V8A
492710149,v9n,V9N
492710178,n2p,N2P
492710199,l9g,L9G
492710221,m6c,M6C
492710225,j6n,J6N
492710254,t6l,T6L
492710263,l3y,L3Y
492710264,h4b,H4B
492710267,k1s,K1S
492710269,n1l,N1L
492710278,e2e,E2E
492710336,v3c,V3C
492710399,k2b,K2B
492710402,n9k,N9K
492710403,m9b,M9B
492710404,n9a,N9A
492710406,b2h,B2H
492710417,n3r,N3R
492710473,t2w,T2W
492710482,e2g,E2G
492710486,n6k,N6K
492710487,v5z,V5Z
492710493,h1t,H1T
492710527,t3l,T3L
492710528,t6w,T6W
492710532,k1t,K1T
492710549,n3s,N3S
492710559,l9c,L9C
492710604,s4v,S4V
492710607,j0b,J0B
492710635,m2l,M2L
492710645,m9b,M9B
492710670,r2c,R2C
492710674,v3h,V3H
492710679,g0k,G0K
492710700,m6j,M6J
492710716,g8t,G8T
492710758,b5g,B5G
492710819,m8w,M8W
492710822,j8x,J8X
492710841,r2v,R2V
492710863,k7v,K7V
492710864,v9z,V9Z
492710867,h4w,H4W
492710871,l6r,L6R
492710873,n2l,N2L
492710877,b0n,B0N
492710891,t1y,T1Y
492710894,n6e,N6E
492710907,v3c,V3C
492710926,t6w,T6W
492710933,l6t,L6T
492710940,m1t,M1T
492710948,n6g,N6G
492710963,n8s,N8S
492710973,v7l,V7L
492710977,m1k,M1K
492710985,l0s,L0S
492710990,k1w,K1W
492710997,t4b,T4B
492711006,h1b,H1B
492711024,v3t,V3T
492711030,v6k,V6K
492711040,m1e,M1E
492711050,a1n,A1N
492711076,m9c,M9C
492711082,n6g,N6G
492711099,t1l,T1L
492711103,v6j,V6J
492711109,v4w,V4W
492711116,v6y,V6Y
492711124,e8e,E8E
492711130,m8y,M8Y
492711133,v9w,V9W
492711162,t5y,T5Y
492711165,n3t,N3T
492711205,t8h,T8H
492711219,v4n,V4N
492711249,j3v,J3V
492711306,j4x,J4X
492711317,b3m,B3M
492711326,m1k,M1K
492711344,k4c,K4C
492711351,v3s,V3S
492711357,s7l,S7L
492711373,v1y,V1Y
492711376,b0n,B0N
492711395,v0h,V0H
492711406,s7l,S7L
492711415,v0r,V0R
492711420,1t8,1T8
492711421,l8g,L8G
492711427,v6y,V6Y
492711433,b0w,B0W
492711452,t1k,T1K
492711466,b1y,B1Y
492711471,v5y,V5Y
492711480,n1r,N1R
492711497,p7g,P7G
492711509,t2b,T2B
492711514,k2k,K2K
492711521,h9h,H9H
492711525,m1x,M1X
492711561,n5y,N5Y
492711564,t2r,T2R
492711567,j1e,J1E
492711572,v3w,V3W
492711598,t6e,T6E
492711599,l6m,L6M
492711601,t3h,T3H
492711606,t1k,T1K
492711625,m4k,M4K
492711637,l4e,L4E
492711638,n2m,N2M
492711639,m2k,M2K
492711650,r2x,R2X
492711669,v2a,V2A
492711673,h3c,H3C
492711674,l5a,L5A
492711690,m2j,M2J
492711707,n0b,N0B
492711708,v4b,V4B
492711711,b0s,B0S
492711718,l1s,L1S
492711728,r2n,R2N
492711738,t3k,T3K
492711748,v8s,V8S
492711750,h4w,H4W
492711760,n0m,N0M
492711765,t3a,T3A
492711771,l2a,L2A
492711787,t5x,T5X
492711793,l0p,L0P
492711812,l8v,L8V
492711832,k8p,K8P
492711843,t0m,T0M
492711875,h2j,H2J
492711877,t1y,T1Y
492711883,h3h,H3H
492711902,n2t,N2T
492711911,r0j,R0J
492711950,m5e,M5E
492711963,n0p,N0P
492711966,n2m,N2M
492711975,n0p,N0P
492711988,t0m,T0M
492712023,k0l,K0L
492712027,p0h,P0H
492712060,h3s,H3S
492712065,t8c,T8C
492712072,l8k,L8K
492712079,v1k,V1K
492712091,m4s,M4S
492712092,m9c,M9C
492712124,v5p,V5P
492712129,h1a,H1A
492712136,v8b,V8B
492712156,e1e,E1E
492712160,r2j,R2J
492712172,n5r,N5R
492712183,n7v,N7V
492712189,r2p,R2P
492712193,k0a,K0A
492712212,l4h,L4H
492712225,t5x,T5X
492712239,k1s,K1S
492712241,k2t,K2T
492712253,c0a,C0A
492712274,k0l,K0L
492712275,v1y,V1Y
492712287,l5r,L5R
492712300,k2b,K2B
492712314,m2l,M2L
492712318,e1a,E1A
492712344,e3a,E3A
492712349,t6l,T6L
492712350,v2a,V2A
492712353, 4m, 4M
492712381,v3r,V3R
492712383,t2k,T2K
492712399,t2v,T2V
492712419,n1e,N1E
492712449,v1r,V1R
492712459,n2n,N2N
492712460,l7a,L7A
492712471,t0b,T0B
492712481,l8h,L8H
492712510,v3h,V3H
492712530,s7k,S7K
492712575,e8k,E8K
492712597,p4n,P4N
492712620,v1n,V1N
492712684,1e0,1E0
492712714,n6m,N6M
492712735,t6a,T6A
492712743,m2h,M2H
492712773,k1c,K1C
492712793,l6s,L6S
492712892,g0c,G0C
492712913,r3y,R3Y
492712920,m9v,M9V
492712938,b1l,B1L
492712948,m1b,M1B
492712964,l9a,L9A
492712970,t5l,T5L
492712971,v2j,V2J
492712979,h4v,H4V
492712989,g0w,G0W
492713002,b2t,B2T
492713143,n5x,N5X
492713149,v1l,V1L
492713153,k4b,K4B
492713246,v7t,V7T
492713276,v0r,V0R
492713310,l4x,L4X
492713315,s4n,S4N
492713325,h7v,H7V
492713334,s0h,S0H
492713337,g0l,G0L
492713340,l2s,L2S
492713380,j0j,J0J
492713386,j1e,J1E
492713394,m3a,M3A
492713402,m6s,M6S
492713437,v5k,V5K
492713441,b0w,B0W
492713509,r3t,R3T
492713520,n8x,N8X
492713554,v6v,V6V
492713570,a0c,A0C
492713601,t0a,T0A
492713622,t0b,T0B
492713625,v5z,V5Z
492713675,n5x,N5X
492713782,v4n,V4N
492713833,r7c,R7C
492713842,b3z,B3Z
492713863,j5r,J5R
492713935,m1t,M1T
492713941,n6k,N6K
492713982,h2s,H2S
492714091,m1c,M1C
492714102,n6a,N6A
492714107,j9t,J9T
492714137,n1h,N1H
492714191,a1v,A1V
492714237,t5h,T5H
492714246,t9v,T9V
492811784,,
492840366,r0a,R0A
492857778,t0h,T0H
492857881,h3y,H3Y
492857887,m9a,M9A
492858173,b0p,B0P
492858271,t6b,T6B
492858308,e1b,E1B
492858374,m6m,M6M
492858378,l2v,L2V
492858387,h4g,H4G
492858405,r1n,R1N
492858451,e3c,E3C
492858620,m4a,M4A
492858674,j6k,J6K
492858682,l5n,L5N
492858695,l5c,L5C
492858713,l3r,L3R
492858777,t2x,T2X
492858780,b3m,B3M
492858836,m1r,M1R
492858864,h9r,H9R
492858969,n0g,N0G
492858987,s4v,S4V
492858994,l4a,L4A
492859024,m2r,M2R
492859025,k2g,K2G
492859091,m5a,M5A
492859122,r2m,R2M
492859182,v8l,V8L
492859202,e7c,E7C
492859251,t2a,T2A
492859265,e1e,E1E
492859272,r0e,R0E
492859273,s0g,S0G
492859298,t5a,T5A
492859341,t6l,T6L
492859351,l0b,L0B
492859388,m1v,M1V
492859390,v5c,V5C
492859427,m6p,M6P
492859434,v0r,V0R
492859480,b3a,B3A
492859489,l8p,L8P
492859512,s4n,S4N
492859525,v9g,V9G
492859534,v3y,V3Y
492859547,k0m,K0M
492859575,h4a,H4A
492859577,v7e,V7E
492859618,j8p,J8P
492859625,k9a,K9A
492859631,t1v,T1V
492859673,t3k,T3K
492859674,t6h,T6H
492859681,l3t,L3T
492859697,a0a,A0A
492859702,v9t,V9T
492859707,s7c,S7C
492859715,l2p,L2P
492859728,p3p,P3P
492859759,e1a,E1A
492859791,r2x,R2X
492859830,t4b,T4B
492859848,t1b,T1B
492859853,t6v,T6V
492859896,t0h,T0H
492859919,s4v,S4V
492859938,n4x,N4X
492859951,t2j,T2J
492859954,l5a,L5A
492859959,s0k,S0K
492859978,n6g,N6G
492859990,l6h,L6H
492859992,s4t,S4T
492860005,e7h,E7H
492860039,j3b,J3B
492860047,m8v,M8V
492860053,h3s,H3S
492860056,h1p,H1P
492860074,l9g,L9G
492860078,s0k,S0K
492860095,n2m,N2M
492860131,t2y,T2Y
492860147,m6j,M6J
492860185,t0a,T0A
492860207,t7a,T7A
492860217,v0x,V0X
492860234,t2e,T2E
492860308,n5y,N5Y
492860313,k4a,K4A
492860340,k1t,K1T
492860356,n5v,N5V
492860405,n0e,N0E
492860448,m1h,M1H
492860453,v8w,V8W
492860468,h9j,H9J
492860469,t3a,T3A
492860472,s7v,S7V
492860491,n1h,N1H
492860511,v6h,V6H
492860512,c0b,C0B
492860532,l4n,L4N
492860541,k6j,K6J
492860550,v2a,V2A
492860553,l4b,L4B
492860563,v9l,V9L
492860566,b4n,B4N
492860568,v2s,V2S
492860570,n0k,N0K
492860597,v3a,V3A
492860599,v8t,V8T
492860647,v6g,V6G
492860679,t3r,T3R
492860680,t0l,T0L
492860699,p1l,P1L
492860708,m3b,M3B
492860732,e4l,E4L
492860739,t8v,T8V
492860753,r2l,R2L
492860758,v1x,V1X
492860824,l5l,L5L
492860838,v2y,V2Y
492860853,v3e,V3E
492860869,k2h,K2H
492860945,h2e,H2E
492860954,t4b,T4B
492860974,n9e,N9E
492860989,t6v,T6V
492861019,l3z,L3Z
492861025,n6m,N6M
492861047,v5e,V5E
492861083,v3r,V3R
492861084,v0e,V0E
492861093,g1c,G1C
492861197,h4v,H4V
492861205,n4t,N4T
492861218,t1k,T1K
492861225,j3z,J3Z
492861285,t5r,T5R
492861290,l6v,L6V
492861302,v6m,V6M
492861317,k1a,K1A
492861335,h7g,H7G
492861403,l9r,L9R
492861427,k4r,K4R
492861429,n2l,N2L
492861433,v4n,V4N
492861449,b2n,B2N
492861465,l2m,L2M
492861474,b0e,B0E
492861521,m5s,M5S
492861651,l2e,L2E
492861700,l0j,L0J
492861710,n7l,N7L
492861736,r3e,R3E
492861813,t2p,T2P
492861862,t8n,T8N
492861863,t1p,T1P
492861906,n4k,N4K
492861952,s4v,S4V
492861990,k6h,K6H
492862059,m3h,M3H
492862096,l3r,L3R
492862098,s0e,S0E
492862148,v6e,V6E
492862151,b3s,B3S
492862260,v8l,V8L
492862263,v0k,V0K
492862318,t5c,T5C
492862328,r3j,R3J
492862337,l9g,L9G
492862385,v0r,V0R
492862417,b0j,B0J
492862419,h2v,H2V
492862421,t1k,T1K
492862533,e3c,E3C
492862590,t1y,T1Y
492862606,b4n,B4N
492862612,t4x,T4X
492862641,m1e,M1E
492862655,l3x,L3X
492862667,l5b,L5B
492862788,t4p,T4P
492862802,r2e,R2E
492862840,m5m,M5M
492862853,p1b,P1B
492862862,l4c,L4C
492862866,k2h,K2H
492862876,t6g,T6G
492862885,r0c,R0C
492862947,l1a,L1A
492862950,r2g,R2G
492862958,m4g,M4G
492862964,k0c,K0C
492862976,v2s,V2S
492862981,b1a,B1A
492862983,t5t,T5T
492862986,a1g,A1G
492863016,c1e,C1E
492863034,k1v,K1V
492863061,m1j,M1J
492863106,v6k,V6K
492863120,j0g,J0G
492863132,h7m,H7M
492863150,l3z,L3Z
492863154,v2n,V2N
492863156,v5r,V5R
492863160,v3t,V3T
492863162,n0m,N0M
492863186,k1v,K1V
492863207,k2e,K2E
492863237,t2v,T2V
492863250,v5a,V5A
492863262,m8x,M8X
492863287,r6m,R6M
492863333,m9n,M9N
492863348,r2r,R2R
492863357,t2x,T2X
492863369,n2h,N2H
492863390,s4r,S4R
492863438,v9p,V9P
492863487,r2c,R2C
492863596,t4s,T4S
492863603,h8s,H8S
492863659,t5w,T5W
492863774,r2g,R2G
492863866,v2z,V2Z
492863867,j4w,J4W
492863870,s7t,S7T
492863884,v6x,V6X
492863935,t9k,T9K
492864014,h1k,H1K
492864064,b2x,B2X
492864094,e3a,E3A
492864110,v9g,V9G
492864158,t6w,T6W
492864275,v0n,V0N
492864284,t0h,T0H
492864285,t3m,T3M
492864374,v9b,V9B
492864378,v7a,V7A
492864420,r0k,R0K
492864482,v0r,V0R
492864507,a0c,A0C
492864583,h8z,H8Z
492864731,j0x,J0X
492864747,v3t,V3T
492864755,t2b,T2B
492864771,v3n,V3N
492864859,h9e,H9E
492864861,t8a,T8A
492864883,t4h,T4H
492864951,t4p,T4P
492865009,j7w,J7W
492865031,j8x,J8X
492865036,g1n,G1N
492865070,e4g,E4G
492865080,t3j,T3J
492865120,v6t,V6T
492865157,r2k,R2K
492865228,h4w,H4W
492865278,t3b,T3B
492865315,t8n,T8N
492865336,t2g,T2G
492865354,b3m,B3M
492865499,v8p,V8P
492865554,t6j,T6J
492865749,v0r,V0R
492865798,b2v,B2V
492865813,v5x,V5X
492865902,r2j,R2J
492865993,t5z,T5Z
492866006,s6h,S6H
492866065,t5t,T5T
492866107,b0w,B0W
492866109,v0p,V0P
492866142,a1a,A1A
492866150,v3h,V3H
492866177,v3e,V3E
492866182,v3b,V3B
492866268,h3x,H3X
492866296,t8n,T8N
492866353,h1g,H1G
492866696,j2g,J2G
492866699,j0k,J0K
492866800,b2w,B2W
492866857,j3y,J3Y
492867095,a0l,A0L
492867150,t2w,T2W
492867197,v8v,V8V
492867198,j2y,J2Y
492867242,l1v,L1V
492867424,s7l,S7L
492867697,k1j,K1J
492868073,e4z,E4Z
492868434,j0s,J0S
492868910,a0b,A0B
492869166,v4m,V4M
492869602,j9x,J9X
492869631,a0h,A0H
492869824,g1j,G1J
492870082,v5n,V5N
492870944,g0m,G0M
492871107,j8t,J8T
492871169,h9s,H9S
492871348,r3j,R3J
492871390,e1b,E1B
492871582,s7l,S7L
492871731,v5h,V5H
492871810,e8c,E8C
492872095,b0t,B0T
492872176,j7k,J7K
492872191,a0a,A0A
492872199,h1b,H1B
492872222,j7r,J7R
492872237,v3n,V3N
492872393,t6v,T6V
492872559,g2e,G2E
492872742,h1k,H1K
492873277,b0m,B0M
492873299,e3n,E3N
492873370,g9a,G9A
492873493,b2n,B2N
492873682,g6p,G6P
492873756,b0n,B0N
492873857,b2a,B2A
492874207,h4r,H4R
492874364,c1n,C1N
492874443,j6w,J6W
492874733,h9r,H9R
492874769,e2s,E2S
492877672,t0j,T0J
492877692,t2v,T2V
492877847,j0n,J0N
492879232,j0x,J0X
492880394,h3k,H3K
492880469,h8z,H8Z
492880613,j1x,J1X
492881314,h2k,H2K
492881693,h2n,H2N
492883051,h3c,H3C
492884798,j9j,J9J
492884968,j5w,J5W
492885523,h9h,H9H
492885527,h1a,H1A
492886883,g5z,G5Z
492887607,h2s,H2S
492894465,h1e,H1E
492894764,h2t,H2T
492895078,h1j,H1J
492896301,j0n,J0N
492896354,g0l,G0L
492901407,j0a,J0A
492903871,h7n,H7N
492904386,h9r,H9R
492904468,g6p,G6P
492907141,j0k,J0K
492911648,h1x,H1X
492912141,j4z,J4Z
492912945,j8l,J8L
492913893,j7y,J7Y
492914486,h7n,H7N
492914961,j3b,J3B
492916034,g8c,G8C
492916863,h2l,H2L
492923520,h4a,H4A
492924556,h2a,H2A
492924711,k1k,K1K
492929303,h1p,H1P
492933915,g1h,G1H
492938834,j8p,J8P
492939280,j9h,J9H
492942000,h3x,H3X
492942838,g6l,G6L
492945179,j7y,J7Y
492948276,g5l,G5L
492974868,j6a,J6A
492978908,j3y,J3Y
492979639,j0s,J0S
492982680,j0z,J0Z
492983697,j0z,J0Z
492984366,j4x,J4X
492985721,h2k,H2K
492986671,h4r,H4R
492987043,h3w,H3W
492988265,g0a,G0A
492989117,h1z,H1Z
492990308,g5y,G5Y
492991224,j4y,J4Y
492992721,h2l,H2L
492992799,h9s,H9S
492992865,h3m,H3M
492992875,h4w,H4W
492994977,h3w,H3W
493001382,g0w,G0W
493003103,j0e,J0E
493003807,h9p,H9P
493005323,h4v,H4V
493006479,h8p,H8P
493009132,h4n,H4N
493014463,j2k,J2K
493017248,l6r,L6R
493019471,h2t,H2T
493021377,j4k,J4K
493027900,h1k,H1K
493031974,g0k,G0K
493034482,j8y,J8Y
493040942,j4r,J4R
493050053,j6y,J6Y
493054120,g0a,G0A
493054696,j8v,J8V
493070420,h4a,H4A
493095771,h7n,H7N
493099675,j7r,J7R
493101315,h3z,H3Z
493109378,j0x,J0X
493161321,j0s,J0S
493161576,j3y,J3Y
493164051,h3w,H3W
493164612,h4l,H4L
493167086,g8a,G8A
493169412,l0a,L0A
493169457,p1b,P1B
493169790,v5x,V5X
493169798,l6z,L6Z
493169916,r2v,R2V
493169960,n0h,N0H
493169980,h7x,H7X
493169994,n7m,N7M
493170043,r1a,R1A
493170063,m6c,M6C
493170078,r2m,R2M
493170087,j7v,J7V
493170130,n5x,N5X
493170208,r3n,R3N
493170250,n0b,N0B
493170278,t3m,T3M
493170356,m4e,M4E
493170434,n1e,N1E
493170436,p7e,P7E
493170471,k9a,K9A
493170506,n4t,N4T
493170512,s0g,S0G
493170530,j2j,J2J
493170569,p3c,P3C
493170626,r2m,R2M
493170633,t4a,T4A
493170668,k7p,K7P
493170684,k8n,K8N
493170771,g1k,G1K
493170783,k6j,K6J
493170857,h7m,H7M
493170866,l4s,L4S
493170896,k2r,K2R
493170921,p3e,P3E
493170930,t8r,T8R
493170954,p0n,P0N
493171012,t6j,T6J
493171037,l3x,L3X
493171058,m6h,M6H
493171088,m1w,M1W
493171126,l0a,L0A
493171131,k1b,K1B
493171215,r5a,R5A
493171234,m4y,M4Y
493171243,m3a,M3A
493171249,l0l,L0L
493171251,n0g,N0G
493171254,l4y,L4Y
493171281,n8w,N8W
493171290,l5g,L5G
493171311,g2c,G2C
493171334,k1h,K1H
493171345,r0a,R0A
493171349,r2j,R2J
493171352,n0g,N0G
493171400,m4g,M4G
493171426,t5h,T5H
493171434,m4s,M4S
493171448,m3c,M3C
493171496,k1r,K1R
493171517,g2j,G2J
493171520,l9m,L9M
493171579,l8v,L8V
493171642,k0k,K0K
493171683,l9s,L9S
493171696,n1l,N1L
493171704,t1j,T1J
493171708,l9w,L9W
493171728,m1w,M1W
493171746,t1k,T1K
493171749,k8p,K8P
493171774,m9c,M9C
493171775,m2j,M2J
493171845,n0l,N0L
493171846,h1x,H1X
493171873,k6h,K6H
493171874,h7r,H7R
493171909,h2t,H2T
493171935,l9x,L9X
493171940,n8w,N8W
493171949,k4r,K4R
493171965,n2h,N2H
493171969,k0c,K0C
493171982,l5l,L5L
493172006,n5z,N5Z
493172054,j8t,J8T
493172075,l6m,L6M
493172112,n3t,N3T
493172130,h1r,H1R
493172135,k2m,K2M
493172181,m4w,M4W
493172194,l8e,L8E
493172199,l9x,L9X
493172200,h2k,H2K
493172237,p8t,P8T
493172247,n3r,N3R
493172253,m8v,M8V
493172266,m6s,M6S
493172269,l9t,L9T
493172293,v5n,V5N
493172298,k9j,K9J
493172319,l1x,L1X
493172351,p1b,P1B
493172364,l2m,L2M
493172395,r5g,R5G
493172407,m9c,M9C
493172410,mvj,MVJ
493172430,p1b,P1B
493172433,h9h,H9H
493172467,l9w,L9W
493172530,m3a,M3A
493172536,l4c,L4C
493172537,t6v,T6V
493172576,k8v,K8V
493172585,h4r,H4R
493172588,p1p,P1P
493172602,m5j,M5J
493172606,m5v,M5V
493172620,k7r,K7R
493172646,m1j,M1J
493172722,v0n,V0N
493172743,l4j,L4J
493172770,s4p,S4P
493172788,p8n,P8N
493172795,m5a,M5A
493172798,n6h,N6H
493172817,m5m,M5M
493172850,r2n,R2N
493172852,n8x,N8X
493172868,l5h,L5H
493172879,l3v,L3V
493172926,j7v,J7V
493172935,l9s,L9S
493173008,n5p,N5P
493173011,m6s,M6S
493173017,k1y,K1Y
493173025,r7c,R7C
493173036,p6a,P6A
493173042,m5m,M5M
493173062,m8y,M8Y
493173078,r3g,R3G
493173112,p7c,P7C
493173120,l1p,L1P
493173154,n5z,N5Z
493173166,v4r,V4R
493173174,j0k,J0K
493173175,k2k,K2K
493173207,r2j,R2J
493173230,l1g,L1G
493173248,v6h,V6H
493173250,k8v,K8V
493173263,p0a,P0A
493173279,v8v,V8V
493173285,l0b,L0B
493173338,n9y,N9Y
493173339,l7t,L7T
493173352,k8v,K8V
493173354,l8b,L8B
493173360,r3r,R3R
493173377,m8v,M8V
493173439,p2a,P2A
493173443,t2e,T2E
493173460,p0m,P0M
493173468,v1y,V1Y
493173470,k0e,K0E
493173544,s7h,S7H
493173564,m5a,M5A
493173565,s4w,S4W
493173585,n4l,N4L
493173616,m4c,M4C
493173620,m2m,M2M
493173636,l1k,L1K
493173641,m3c,M3C
493173651,j0h,J0H
493173666,r2p,R2P
493173719,h8n,H8N
493173726,m1k,M1K
493173731,h3z,H3Z
493173736,l7l,L7L
493173739,p7g,P7G
493173743,p0j,P0J
493173756,l2m,L2M
493173766,m4m,M4M
493173842,m6k,M6K
493173848,m9a,M9A
493173872,k7l,K7L
493173890,s6h,S6H
493173897,j1j,J1J
493173936,h9r,H9R
493173941,l0m,L0M
493173963,m4y,M4Y
493173991,m5a,M5A
493173992,l1h,L1H
493174052,k1g,K1G
493174084,l3r,L3R
493174093,r0e,R0E
493174124,n0k,N0K
493174126,v4l,V4L
493174137,m1m,M1M
493174138,l4n,L4N
493174178,k0m,K0M
493174239,n2l,N2L
493174259,l5l,L5L
493174268,r1a,R1A
493174277,m8v,M8V
493174323,n0r,N0R
493174390,s4v,S4V
493174440,m6s,M6S
493174462,k2g,K2G
493174509,p3b,P3B
493174514,n0g,N0G
493174540,l1g,L1G
493174632,m5n,M5N
493174640,l1b,L1B
493174651,l7m,L7M
493174657,l4j,L4J
493174686,l3r,L3R
493174701,h4k,H4K
493174723,t1h,T1H
493174735,l4x,L4X
493174752,n9g,N9G
493174765,k0k,K0K
493174770,j0r,J0R
493174815,v4n,V4N
493174844,m2h,M2H
493174879,l1g,L1G
493174903,r0g,R0G
493174949,l3t,L3T
493174952,m6h,M6H
493175071,l5n,L5N
493175074,l2m,L2M
493175093,k1r,K1R
493175100,g0n,G0N
493175107,v7k,V7K
493175120,m1t,M1T
493175138,l4c,L4C
493175151,k6a,K6A
493175162,p3c,P3C
493175197,t6j,T6J
493175238,m5r,M5R
493175276,l6b,L6B
493175278,n6a,N6A
493175288,m6g,M6G
493175302,s7k,S7K
493175336,n8n,N8N
493175376,t2h,T2H
493175392,l1c,L1C
493175398,p0h,P0H
493175399,m1t,M1T
493175404,l2t,L2T
493175409,k8n,K8N
493175437,j6w,J6W
493175463,m9w,M9W
493175509,m1r,M1R
493175526,n2n,N2N
493175534,n5z,N5Z
493175541,t3k,T3K
493175543,l7g,L7G
493175629,j6w,J6W
493175632,l3v,L3V
493175635,k1c,K1C
493175637,l5n,L5N
493175641,n8a,N8A
493175673,r2r,R2R
493175718,k4a,K4A
493175736,n2t,N2T
493175792,k1e,K1E
493175811,m6e,M6E
493175814,l3p,L3P
493175845,k1h,K1H
493175883,k7a,K7A
493175902,l0g,L0G
493175954,t8a,T8A
493175981,l0r,L0R
493176015,l5c,L5C
493176077,k0e,K0E
493176084,n8y,N8Y
493176090,l9g,L9G
493176096,n0c,N0C
493176125,l7m,L7M
493176127,k9j,K9J
493176137,m4x,M4X
493176140,h3e,H3E
493176143,n8n,N8N
493176146,l3r,L3R
493176170,p0p,P0P
493176186,l4s,L4S
493176276,h1n,H1N
493176282,t3h,T3H
493176290,n5l,N5L
493176302,p7g,P7G
493176337,t5m,T5M
493176355,n8n,N8N
493176364,n9j,N9J
493176372,m4n,M4N
493176379,j9y,J9Y
493176417,v7s,V7S
493176419,m6r,M6R
493176450,m2k,M2K
493176459,m2n,M2N
493176484,v2y,V2Y
493176497,m3m,M3M
493176510,m9m,M9M
493176531,l1n,L1N
493176560,l8k,L8K
493176561,v2k,V2K
493176570,p3y,P3Y
493176582,m4c,M4C
493176634,v2p,V2P
493176646,k6v,K6V
493176653,k6j,K6J
493176663,n3a,N3A
493176677,s7n,S7N
493176679,t2y,T2Y
493176692,k0a,K0A
493176697,m5t,M5T
493176700,s4x,S4X
493176709,m3c,M3C
493176714,n1l,N1L
493176716,v7m,V7M
493176725,r2v,R2V
493176731,h9g,H9G
493176732,m4y,M4Y
493176767,n7l,N7L
493176797,l7e,L7E
493176803,k9a,K9A
493176812,l3p,L3P
493176842,s6h,S6H
493176844,s0k,S0K
493176845,k4k,K4K
493176856,p2n,P2N
493176893,r3x,R3X
493176925,s7t,S7T
493176947,m3j,M3J
493176950,l0r,L0R
493176959,v1m,V1M
493176966,k7h,K7H
493176976,r3x,R3X
493176985,t3b,T3B
493177028,t5g,T5G
493177049,s7s,S7S
493177070,s0a,S0A
493177080,n0b,N0B
493177119,t2g,T2G
493177170,m4p,M4P
493177180,k0j,K0J
493177214,t5a,T5A
493177220,k2w,K2W
493177239,s7k,S7K
493177254,v3l,V3L
493177275,n2h,N2H
493177316,l9y,L9Y
493177333,t4g,T4G
493177357,r3l,R3L
493177378,h1m,H1M
493177404,m5r,M5R
493177476,l1j,L1J
493177539,r3p,R3P
493177548,p0w,P0W
493177573,l8m,L8M
493177585,m2r,M2R
493177589,t1a,T1A
493177596,s7k,S7K
493177598,h8r,H8R
493177602,l7t,L7T
493177627,s9h,S9H
493177637,p7a,P7A
493177647,n0b,N0B
493177656,r0g,R0G
493177663,k9j,K9J
493177676,l6v,L6V
493177738,v1t,V1T
493177762,v5x,V5X
493177852,l4c,L4C
493177857,v3j,V3J
493177921,h4n,H4N
493178023,t5p,T5P
493178230,h7g,H7G
493178251,t2e,T2E
493178426,j0p,J0P
493178478,j2j,J2J
493178694,j6t,J6T
493179297,j0k,J0K
493179302,h1r,H1R
493179360,h9g,H9G
493179377,j5a,J5A
493179405,g0m,G0M
493179842,g7a,G7A
493179847,j0r,J0R
493179927,m2n,M2N
493179939,h8n,H8N
493179946,h4g,H4G
493180197,j4t,J4T
493180405,h3n,H3N
493180604,h9e,H9E
493181221,j2c,J2C
493181276,h1k,H1K
493181368,g0s,G0S
493181376,h9r,H9R
493181423,h9h,H9H
493181498,j2k,J2K
493181620,j3l,J3L
493181636,j5w,J5W
493181910,h9a,H9A
493182017,h2c,H2C
493182145,h9a,H9A
493182192,j4x,J4X
493182257,g0c,G0C
493182305,h4v,H4V
493182521,j6y,J6Y
493182692,h2r,H2R
493183026,h3g,H3G
493183596,j4v,J4V
493183675,h2e,H2E
493184409,j0t,J0T
493184841,h1w,H1W
493185171,t5t,T5T
493185391,j7r,J7R
493185536,h9g,H9G
493185699,h4e,H4E
493185780,g6p,G6P
493186339,t6r,T6R
493186347,r2c,R2C
493186525,k7k,K7K
493186949,n5w,N5W
493187444,n5a,N5A
493187695,h2g,H2G
493187921,h8n,H8N
493188016,k0a,K0A
493188677,h4w,H4W
493188885,h1t,H1T
493189870,j0x,J0X
493190027,h9a,H9A
493190104,j7j,J7J
493190167,j7t,J7T
493190376,g0x,G0X
493190661,g7h,G7H
493190868,h2r,H2R
493192871,h2g,H2G
493193527,j8r,J8R
493193532,h3c,H3C
493193610,g0a,G0A
493194379,j6k,J6K
493194402,h2h,H2H
493195191,h4e,H4E
493195263,g7a,G7A
493195548,h9c,H9C
493196551,j8t,J8T
493197467,g0p,G0P
493198745,h1r,H1R
493200024,g5h,G5H
493200509,g8y,G8Y
493200547,h9a,H9A
493200600,h8s,H8S
493200639,j1t,J1T
493200800,j6e,J6E
493201881,g2c,G2C
493202344,j0x,J0X
493202435,h1s,H1S
493203406,j4y,J4Y
493203415,2y9,2Y9
493204262,h9r,H9R
493205063,h9j,H9J
493205253,j6x,J6X
493206137,h8t,H8T
493206780,j2x,J2X
493206879,h7t,H7T
493207684,j9x,J9X
493208295,j3e,J3E
493209085,j8t,J8T
493209299,j4r,J4R
493209944,j1l,J1L
493209983,j0s,J0S
493210113,h9r,H9R
493210405,g0k,G0K
493210623,h8r,H8R
493212343,j8p,J8P
493212450,h8r,H8R
493212809,r3m,R3M
493213099,h7m,H7M
493213314,h7x,H7X
493213491,j5v,J5V
493213681,h1r,H1R
493214152,j4x,J4X
493214335,h7e,H7E
493214418,j6e,J6E
493214915,j0x,J0X
493216079,j8g,J8G
493216100,j4j,J4J
493217399,g1b,G1B
493217781,h3n,H3N
493217996,j5y,J5Y
493218019,j4g,J4G
493219045,h2g,H2G
493221110,h9s,H9S
493221416,g3g,G3G
493222081,j2s,J2S
493222498,j0b,J0B
493223155,j4x,J4X
493223596,j4k,J4K
493223638,h1x,H1X
493224983,g0x,G0X
493226115,h1g,H1G
493226354,h3h,H3H
493226542,g0c,G0C
493226949,h1h,H1H
493226959,j6k,J6K
493227048,h4n,H4N
493227529,j3a,J3A
493227617,h7l,H7L
493227770,j6k,J6K
493228032,g2k,G2K
493228194,j0k,J0K
493228718,h1v,H1V
493229027,h3w,H3W
493229535,j3b,J3B
493229720,j4b,J4B
493230687,h2x,H2X
493230780,j4g,J4G
493231461,h4v,H4V
493231906,g3a,G3A
493232126,j3g,J3G
493232407,g8y,G8Y
493232902,h3c,H3C
493232922,h1n,H1N
493232997,j8b,J8B
493234647,j0n,J0N
493234743,j7v,J7V
493235291,k6h,K6H
493238340,j4w,J4W
493239543,h4h,H4H
493239653,h3x,H3X
493240034,h4k,H4K
493240170,h9s,H9S
493240931,g5r,G5R
493241166,j4z,J4Z
493242227,g7h,G7H
493242546,j6e,J6E
493242663,j6z,J6Z
493242720,h4v,H4V
493243629,h8z,H8Z
493244406,j0r,J0R
493244960,j4t,J4T
493245036,h9b,H9B
493245074,j3p,J3P
493245344,h7<,H7<
493245921,h4n,H4N
493245923,j0b,J0B
493245928,h1g,H1G
493245939,h1e,H1E
493247530,h9b,H9B
493247885,j0k,J0K
493249340,h1x,H1X
493250032,j7a,J7A
493251355,h7t,H7T
493251636,j4n,J4N
493253254,h8n,H8N
493253399,h8r,H8R
493256180,h9a,H9A
493256263,j5j,J5J
493258337,j8p,J8P
493259768,j8l,J8L
493261690,h1w,H1W
493262609,h4l,H4L
493264727,j4j,J4J
493264891,g1v,G1V
493265201,g9a,G9A
493265457,h9a,H9A
493265665,h9b,H9B
493265746,h2k,H2K
493266104,h1r,H1R
493266546,h4x,H4X
493266656,g1v,G1V
493266887,j0t,J0T
493266904,g0c,G0C
493267619,h4v,H4V
493267973,h1r,H1R
493268695,g1b,G1B
493268983,h4v,H4V
493269146,j9h,J9H
493278820,j3v,J3V
493281667,h7v,H7V
493281752,j7m,J7M
493282828,h2a,H2A
493290141,r0e,R0E
493300212,r3g,R3G
493450918,k2b,K2B
493451079,l1v,L1V
493451710,m4j,M4J
493452016,p7g,P7G
493452019,h4a,H4A
493452391,k1r,K1R
493452398,k8h,K8H
493453224,h8r,H8R
493453451,m1b,M1B
493453576,j6n,J6N
493454132,h2a,H2A
493454446,h4r,H4R
493454526,h2w,H2W
493454782,h3c,H3C
493458361,j0e,J0E
493459001,h4e,H4E
493459671,j0e,J0E
493459775,m1e,M1E
493464040,m6h,M6H
493464128,m6s,M6S
493471686,h7m,H7M
493472045,l6e,L6E
493514255,k7m,K7M
493514274,r1c,R1C
493514711,n1g,N1G
493514768,t6e,T6E
493516337,s0j,S0J
493518058,k2h,K2H
493521446,n8n,N8N
493521501,l6m,L6M
493522774,t6l,T6L
493524080,p0j,P0J
493535223,r0e,R0E
493539139,m4l,M4L
493539422,p3y,P3Y
493539771,p6a,P6A
493539856,v9j,V9J
493539860,t5y,T5Y
493539864,v1l,V1L
493539920,t2w,T2W
493539990,t7e,T7E
493540031,l4j,L4J
493540088,l4p,L4P
493540094,k9v,K9V
493540125,l5v,L5V
493540127,m1t,M1T
493540158,t2a,T2A
493540168,m2n,M2N
493540315,m5j,M5J
493540353,h4a,H4A
493541701,v2z,V2Z
493542018,p6c,P6C
493542050,r3b,R3B
493543488,j0k,J0K
493544406,n2a,N2A
493545769,h7x,H7X
493546336,h2a,H2A
493546792,k6h,K6H
493548416,v6e,V6E
493549828,r2p,R2P
493554727,v3c,V3C
493554982,t6j,T6J
493554994,t4c,T4C
493555067,s4s,S4S
493557304,h8r,H8R
493559146,t6k,T6K
493560287,h9a,H9A
493565228,r2c,R2C
493572297,l2v,L2V
493576242,r0e,R0E
493583137,h2r,H2R
493591588,j4b,J4B
493592663,0c2,0C2
493594893,t2n,T2N
493595562,v5x,V5X
493687692,k1y,K1Y
493857553,h2j,H2J
494000530,e1g,E1G
494079952,r3v,R3V
494110535,e3b,E3B
494269159,n2m,N2M
494273841,k7p,K7P
494308302,m8z,M8Z
494534717,k9l,K9L
494534731,t1j,T1J
494534931,v6y,V6Y
494536114,v5m,V5M
494540641,b3n,B3N
494540698,m4n,M4N
494540953,s7t,S7T
494541584,306,306
494542078,b0n,B0N
494543063,l8g,L8G
494545781,l9t,L9T
494547229,t4p,T4P
494547244,k7m,K7M
494548163,r3y,R3Y
494550417,t6r,T6R
494552418,r7b,R7B
494557355,s3n,S3N
494558518,t4p,T4P
494560682,n3w,N3W
494563896,t3b,T3B
494567184,v3r,V3R
494569754,v1t,V1T
494572498,n9g,N9G
494573547,r3p,R3P
494576389,v1m,V1M
494577754,x0e,X0E
494580664,v1c,V1C
494580904,k8p,K8P
494635768,g2b,G2B
494636860,l4e,L4E
494649385,l3x,L3X
494655633,l4p,L4P
494662489,k2l,K2L
494665141,l9n,L9N
494666279,l6g,L6G
494674377,l6t,L6T
494685756,n2e,N2E
494689395,k8n,K8N
494696929,0b7,0B7
494711736,l6a,L6A
494715561,l8b,L8B
494725786,b4v,B4V
494735947,b0e,B0E
494752557,c1a,C1A
494755017,s7v,S7V
494832470,a1k,A1K
494844608,n2b,N2B
494883279,v7g,V7G
494894003,t3p,T3P
494964884,l9h,L9H
495022385,e2k,E2K
495033691,p0m,P0M
495034928,p0g,P0G
495035390,k9j,K9J
495036069,p4n,P4N
495039371,k0h,K0H
495051278,k9v,K9V
495058073,a0l,A0L
495062201,t2y,T2Y
495063690,l1n,L1N
495064174,t5r,T5R
495065966,r2j,R2J
495073702,t8a,T8A
495073897,t2v,T2V
495076297,t4b,T4B
495076776,v1y,V1Y
495078960,r3y,R3Y
495081005,m5c,M5C
495085514,v9w,V9W
495088063,v1c,V1C
495090887,r3r,R3R
495105330,e3b,E3B
495108076,v7n,V7N
495115019,x0c,X0C
495117363,p0k,P0K
495125420,v2a,V2A
495128663,p0p,P0P
495129675,v2n,V2N
495142516,v2a,V2A
495147015,t5k,T5K
495148905,n7m,N7M
495149394,b0j,B0J
495174755,n6h,N6H
495174909,v8b,V8B
495191669,v7p,V7P
495209110,v2e,V2E
495315711,n1g,N1G
495321798,k2g,K2G
495336657,l3x,L3X
495341301,n2j,N2J
495344897,p0j,P0J
495352275,t5w,T5W
495363887,x1a,X1A
495366481,v1e,V1E
495370590,c1b,C1B
495419559,p7c,P7C
495420686,t2y,T2Y
495427994,l1n,L1N
495440850,l3z,L3Z
495454162,n6k,N6K
495454885,v9s,V9S
495574064,n8n,N8N
495620369,k0c,K0C
495645374,p0l,P0L
495677102,l1g,L1G
495732418,l6m,L6M
495811595,n3l,N3L
496062041,k0m,K0M
496154447,v1v,V1V
496450103,k1g,K1G
496528049,k1b,K1B
496728036,t5h,T5H
496951099,k0l,K0L
496955329,m6g,M6G
496978536,v3b,V3B
496983429,t2z,T2Z
497010886,b4b,B4B
497053361,p7a,P7A
497082097,t6e,T6E
498645565,s9h,S9H
498774424,v9b,V9B
499285481,r0c,R0C
